Source	PokeDex Num	English	Katakana	Romaji	Region
https://nintendosoup.com/list-pokemon-names-english-japanese/	1	Bulbasaur	フシギダネ	Fushigidane	Kanto
https://nintendosoup.com/list-pokemon-names-english-japanese/	2	Ivysaur	フシギソウ	Fushigisō	Kanto
https://nintendosoup.com/list-pokemon-names-english-japanese/	3	Venusaur	フシギバナ	Fushigibana	Kanto
https://nintendosoup.com/list-pokemon-names-english-japanese/	4	Charmander	ヒトカゲ	Hitokage	Kanto
https://nintendosoup.com/list-pokemon-names-english-japanese/	5	Charmeleon	リザード	Rizādo	Kanto
https://nintendosoup.com/list-pokemon-names-english-japanese/	6	Charizard	リザードン	Rizādon	Kanto
https://nintendosoup.com/list-pokemon-names-english-japanese/	7	Squirtle	ゼニガメ	Zenigame	Kanto
https://nintendosoup.com/list-pokemon-names-english-japanese/	8	Wartortle	カメール	Kamēru	Kanto
https://nintendosoup.com/list-pokemon-names-english-japanese/	9	Blastoise	カメックス	Kamekkusu	Kanto
https://nintendosoup.com/list-pokemon-names-english-japanese/	10	Caterpie	キャタピー	Kyatapī	Kanto
https://nintendosoup.com/list-pokemon-names-english-japanese/	11	Metapod	トランセル	Toranseru	Kanto
https://nintendosoup.com/list-pokemon-names-english-japanese/	12	Butterfree	バタフリー	Batafurī	Kanto
https://nintendosoup.com/list-pokemon-names-english-japanese/	13	Weedle	ビードル	Bīdoru	Kanto
https://nintendosoup.com/list-pokemon-names-english-japanese/	14	Kakuna	コクーン	Kokūn	Kanto
https://nintendosoup.com/list-pokemon-names-english-japanese/	15	Beedrill	スピアー	Supiā	Kanto
https://nintendosoup.com/list-pokemon-names-english-japanese/	16	Pidgey	ポッポ	Poppo	Kanto
https://nintendosoup.com/list-pokemon-names-english-japanese/	17	Pidgeotto	ピジョン	Pijon	Kanto
https://nintendosoup.com/list-pokemon-names-english-japanese/	18	Pidgeot	ピジョット	Pijotto	Kanto
https://nintendosoup.com/list-pokemon-names-english-japanese/	19	Rattata	コラッタ	Koratta	Kanto
https://nintendosoup.com/list-pokemon-names-english-japanese/	20	Raticate	ラッタ	Ratta	Kanto
https://nintendosoup.com/list-pokemon-names-english-japanese/	21	Spearow	オニスズメ	Onisuzume	Kanto
https://nintendosoup.com/list-pokemon-names-english-japanese/	22	Fearow	オニドリル	Onidoriru	Kanto
https://nintendosoup.com/list-pokemon-names-english-japanese/	23	Ekans	アーボ	Ābo	Kanto
https://nintendosoup.com/list-pokemon-names-english-japanese/	24	Arbok	アーボック	Ābokku	Kanto
https://nintendosoup.com/list-pokemon-names-english-japanese/	25	Pikachu	ピカチュウ	Pikachū	Kanto
https://nintendosoup.com/list-pokemon-names-english-japanese/	26	Raichu	ライチュウ	Raichū	Kanto
https://nintendosoup.com/list-pokemon-names-english-japanese/	27	Sandshrew	サンド	Sando	Kanto
https://nintendosoup.com/list-pokemon-names-english-japanese/	28	Sandslash	サンドパン	Sandopan	Kanto
https://nintendosoup.com/list-pokemon-names-english-japanese/	29	Nidoran♀	ニドラン♀	Nidoran Mesu	Kanto
https://nintendosoup.com/list-pokemon-names-english-japanese/	30	Nidorina	ニドリーナ	Nidorīna	Kanto
https://nintendosoup.com/list-pokemon-names-english-japanese/	31	Nidoqueen	ニドクイン	Nidokuin	Kanto
https://nintendosoup.com/list-pokemon-names-english-japanese/	32	Nidoran♂	ニドラン♂	Nidoran Osu	Kanto
https://nintendosoup.com/list-pokemon-names-english-japanese/	33	Nidorino	ニドリーノ	Nidorīno	Kanto
https://nintendosoup.com/list-pokemon-names-english-japanese/	34	Nidoking	ニドキング	Nidokingu	Kanto
https://nintendosoup.com/list-pokemon-names-english-japanese/	35	Clefairy	ピッピ	Pippi	Kanto
https://nintendosoup.com/list-pokemon-names-english-japanese/	36	Clefable	ピクシー	Pikushī	Kanto
https://nintendosoup.com/list-pokemon-names-english-japanese/	37	Vulpix	ロコン	Rokon	Kanto
https://nintendosoup.com/list-pokemon-names-english-japanese/	38	Ninetales	キュウコン	Kyūkon	Kanto
https://nintendosoup.com/list-pokemon-names-english-japanese/	39	Jigglypuff	プリン	Purin	Kanto
https://nintendosoup.com/list-pokemon-names-english-japanese/	40	Wigglytuff	プクリン	Pukurin	Kanto
https://nintendosoup.com/list-pokemon-names-english-japanese/	41	Zubat	ズバット	Zubatto	Kanto
https://nintendosoup.com/list-pokemon-names-english-japanese/	42	Golbat	ゴルバット	Gorubatto	Kanto
https://nintendosoup.com/list-pokemon-names-english-japanese/	43	Oddish	ナゾノクサ	Nazonokusa	Kanto
https://nintendosoup.com/list-pokemon-names-english-japanese/	44	Gloom	クサイハナ	Kusaihana	Kanto
https://nintendosoup.com/list-pokemon-names-english-japanese/	45	Vileplume	ラフレシア	Rafureshia	Kanto
https://nintendosoup.com/list-pokemon-names-english-japanese/	46	Paras	パラス	Parasu	Kanto
https://nintendosoup.com/list-pokemon-names-english-japanese/	47	Parasect	パラセクト	Parasekuto	Kanto
https://nintendosoup.com/list-pokemon-names-english-japanese/	48	Venonat	コンパン	Konpan	Kanto
https://nintendosoup.com/list-pokemon-names-english-japanese/	49	Venomoth	モルフォン	Morufon	Kanto
https://nintendosoup.com/list-pokemon-names-english-japanese/	50	Diglett	ディグダ	Diguda	Kanto
https://nintendosoup.com/list-pokemon-names-english-japanese/	51	Dugtrio	ダグトリオ	Dagutorio	Kanto
https://nintendosoup.com/list-pokemon-names-english-japanese/	52	Meowth	ニャース	Nyāsu	Kanto
https://nintendosoup.com/list-pokemon-names-english-japanese/	53	Persian	ペルシアン	Perushian	Kanto
https://nintendosoup.com/list-pokemon-names-english-japanese/	54	Psyduck	コダック	Kodakku	Kanto
https://nintendosoup.com/list-pokemon-names-english-japanese/	55	Golduck	ゴルダック	Gorudakku	Kanto
https://nintendosoup.com/list-pokemon-names-english-japanese/	56	Mankey	マンキー	Mankī	Kanto
https://nintendosoup.com/list-pokemon-names-english-japanese/	57	Primeape	オコリザル	Okorizaru	Kanto
https://nintendosoup.com/list-pokemon-names-english-japanese/	58	Growlithe	ガーディ	Gādi	Kanto
https://nintendosoup.com/list-pokemon-names-english-japanese/	59	Arcanine	ウインディ	Uindi	Kanto
https://nintendosoup.com/list-pokemon-names-english-japanese/	60	Poliwag	ニョロモ	Nyoromo	Kanto
https://nintendosoup.com/list-pokemon-names-english-japanese/	61	Poliwhirl	ニョロゾ	Nyorozo	Kanto
https://nintendosoup.com/list-pokemon-names-english-japanese/	62	Poliwrath	ニョロボン	Nyorobon	Kanto
https://nintendosoup.com/list-pokemon-names-english-japanese/	63	Abra	ケーシィ	Kēshī	Kanto
https://nintendosoup.com/list-pokemon-names-english-japanese/	64	Kadabra	ユンゲラー	Yungerā	Kanto
https://nintendosoup.com/list-pokemon-names-english-japanese/	65	Alakazam	フーディン	Fūdin	Kanto
https://nintendosoup.com/list-pokemon-names-english-japanese/	66	Machop	ワンリキー	Wanrikī	Kanto
https://nintendosoup.com/list-pokemon-names-english-japanese/	67	Machoke	ゴーリキー	Gōrikī	Kanto
https://nintendosoup.com/list-pokemon-names-english-japanese/	68	Machamp	カイリキー	Kairikī	Kanto
https://nintendosoup.com/list-pokemon-names-english-japanese/	69	Bellsprout	マダツボミ	Madatsubomi	Kanto
https://nintendosoup.com/list-pokemon-names-english-japanese/	70	Weepinbell	ウツドン	Utsudon	Kanto
https://nintendosoup.com/list-pokemon-names-english-japanese/	71	Victreebel	ウツボット	Utsubotto	Kanto
https://nintendosoup.com/list-pokemon-names-english-japanese/	72	Tentacool	メノクラゲ	Menokurage	Kanto
https://nintendosoup.com/list-pokemon-names-english-japanese/	73	Tentacruel	ドククラゲ	Dokukurage	Kanto
https://nintendosoup.com/list-pokemon-names-english-japanese/	74	Geodude	イシツブテ	Ishitsubute	Kanto
https://nintendosoup.com/list-pokemon-names-english-japanese/	75	Graveler	ゴローン	Gorōn	Kanto
https://nintendosoup.com/list-pokemon-names-english-japanese/	76	Golem	ゴローニャ	Gorōnya	Kanto
https://nintendosoup.com/list-pokemon-names-english-japanese/	77	Ponyta	ポニータ	Ponīta	Kanto
https://nintendosoup.com/list-pokemon-names-english-japanese/	78	Rapidash	ギャロップ	Gyaroppu	Kanto
https://nintendosoup.com/list-pokemon-names-english-japanese/	79	Slowpoke	ヤドン	Yadon	Kanto
https://nintendosoup.com/list-pokemon-names-english-japanese/	80	Slowbro	ヤドラン	Yadoran	Kanto
https://nintendosoup.com/list-pokemon-names-english-japanese/	81	Magnemite	コイル	Koiru	Kanto
https://nintendosoup.com/list-pokemon-names-english-japanese/	82	Magneton	レアコイル	Reakoiru	Kanto
https://nintendosoup.com/list-pokemon-names-english-japanese/	83	Farfetch'd	カモネギ	Kamonegi	Kanto
https://nintendosoup.com/list-pokemon-names-english-japanese/	84	Doduo	ドードー	Dōdō	Kanto
https://nintendosoup.com/list-pokemon-names-english-japanese/	85	Dodrio	ドードリオ	Dōdorio	Kanto
https://nintendosoup.com/list-pokemon-names-english-japanese/	86	Seel	パウワウ	Pauwau	Kanto
https://nintendosoup.com/list-pokemon-names-english-japanese/	87	Dewgong	ジュゴン	Jugon	Kanto
https://nintendosoup.com/list-pokemon-names-english-japanese/	88	Grimer	ベトベター	Betobetā	Kanto
https://nintendosoup.com/list-pokemon-names-english-japanese/	89	Muk	ベトベトン	Betobeton	Kanto
https://nintendosoup.com/list-pokemon-names-english-japanese/	90	Shellder	シェルダー	Sherudā	Kanto
https://nintendosoup.com/list-pokemon-names-english-japanese/	91	Cloyster	パルシェン	Parushen	Kanto
https://nintendosoup.com/list-pokemon-names-english-japanese/	92	Gastly	ゴース	Gōsu	Kanto
https://nintendosoup.com/list-pokemon-names-english-japanese/	93	Haunter	ゴースト	Gōsuto	Kanto
https://nintendosoup.com/list-pokemon-names-english-japanese/	94	Gengar	ゲンガー	Gengā	Kanto
https://nintendosoup.com/list-pokemon-names-english-japanese/	95	Onix	イワーク	Iwāku	Kanto
https://nintendosoup.com/list-pokemon-names-english-japanese/	96	Drowzee	スリープ	Surīpu	Kanto
https://nintendosoup.com/list-pokemon-names-english-japanese/	97	Hypno	スリーパー	Surīpā	Kanto
https://nintendosoup.com/list-pokemon-names-english-japanese/	98	Krabby	クラブ	Kurabu	Kanto
https://nintendosoup.com/list-pokemon-names-english-japanese/	99	Kingler	キングラー	Kingurā	Kanto
https://nintendosoup.com/list-pokemon-names-english-japanese/	100	Voltorb	ビリリダマ	Biriridama	Kanto
https://nintendosoup.com/list-pokemon-names-english-japanese/	101	Electrode	マルマイン	Marumain	Kanto
https://nintendosoup.com/list-pokemon-names-english-japanese/	102	Exeggcute	タマタマ	Tamatama	Kanto
https://nintendosoup.com/list-pokemon-names-english-japanese/	103	Exeggutor	ナッシー	Nasshī	Kanto
https://nintendosoup.com/list-pokemon-names-english-japanese/	104	Cubone	カラカラ	Karakara	Kanto
https://nintendosoup.com/list-pokemon-names-english-japanese/	105	Marowak	ガラガラ	Garagara	Kanto
https://nintendosoup.com/list-pokemon-names-english-japanese/	106	Hitmonlee	サワムラー	Sawamurā	Kanto
https://nintendosoup.com/list-pokemon-names-english-japanese/	107	Hitmonchan	エビワラー	Ebiwarā	Kanto
https://nintendosoup.com/list-pokemon-names-english-japanese/	108	Lickitung	ベロリンガ	Beroringa	Kanto
https://nintendosoup.com/list-pokemon-names-english-japanese/	109	Koffing	ドガース	Dogāsu	Kanto
https://nintendosoup.com/list-pokemon-names-english-japanese/	110	Weezing	マタドガス	Matadogasu	Kanto
https://nintendosoup.com/list-pokemon-names-english-japanese/	111	Rhyhorn	サイホーン	Saihōn	Kanto
https://nintendosoup.com/list-pokemon-names-english-japanese/	112	Rhydon	サイドン	Saidon	Kanto
https://nintendosoup.com/list-pokemon-names-english-japanese/	113	Chansey	ラッキー	Rakkī	Kanto
https://nintendosoup.com/list-pokemon-names-english-japanese/	114	Tangela	モンジャラ	Monjara	Kanto
https://nintendosoup.com/list-pokemon-names-english-japanese/	115	Kangaskhan	ガルーラ	Garūra	Kanto
https://nintendosoup.com/list-pokemon-names-english-japanese/	116	Horsea	タッツー	Tattsū	Kanto
https://nintendosoup.com/list-pokemon-names-english-japanese/	117	Seadra	シードラ	Shīdora	Kanto
https://nintendosoup.com/list-pokemon-names-english-japanese/	118	Goldeen	トサキント	Tosakinto	Kanto
https://nintendosoup.com/list-pokemon-names-english-japanese/	119	Seaking	アズマオウ	Azumaō	Kanto
https://nintendosoup.com/list-pokemon-names-english-japanese/	120	Staryu	ヒトデマン	Hitodeman	Kanto
https://nintendosoup.com/list-pokemon-names-english-japanese/	121	Starmie	スターミー	Sutāmī	Kanto
https://nintendosoup.com/list-pokemon-names-english-japanese/	122	Mr. Mime	バリヤード	Bariyādo	Kanto
https://nintendosoup.com/list-pokemon-names-english-japanese/	123	Scyther	ストライク	Sutoraiku	Kanto
https://nintendosoup.com/list-pokemon-names-english-japanese/	124	Jynx	ルージュラ	Rūjura	Kanto
https://nintendosoup.com/list-pokemon-names-english-japanese/	125	Electabuzz	エレブー	Erebū	Kanto
https://nintendosoup.com/list-pokemon-names-english-japanese/	126	Magmar	ブーバー	Būbā	Kanto
https://nintendosoup.com/list-pokemon-names-english-japanese/	127	Pinsir	カイロス	Kairosu	Kanto
https://nintendosoup.com/list-pokemon-names-english-japanese/	128	Tauros	ケンタロス	Kentarosu	Kanto
https://nintendosoup.com/list-pokemon-names-english-japanese/	129	Magikarp	コイキング	Koikingu	Kanto
https://nintendosoup.com/list-pokemon-names-english-japanese/	130	Gyarados	ギャラドス	Gyaradosu	Kanto
https://nintendosoup.com/list-pokemon-names-english-japanese/	131	Lapras	ラプラス	Rapurasu	Kanto
https://nintendosoup.com/list-pokemon-names-english-japanese/	132	Ditto	メタモン	Metamon	Kanto
https://nintendosoup.com/list-pokemon-names-english-japanese/	133	Eevee	イーブイ	Ībui	Kanto
https://nintendosoup.com/list-pokemon-names-english-japanese/	134	Vaporeon	シャワーズ	Shawāzu	Kanto
https://nintendosoup.com/list-pokemon-names-english-japanese/	135	Jolteon	サンダース	Sandāsu	Kanto
https://nintendosoup.com/list-pokemon-names-english-japanese/	136	Flareon	ブースター	Būsutā	Kanto
https://nintendosoup.com/list-pokemon-names-english-japanese/	137	Porygon	ポリゴン	Porigon	Kanto
https://nintendosoup.com/list-pokemon-names-english-japanese/	138	Omanyte	オムナイト	Omunaito	Kanto
https://nintendosoup.com/list-pokemon-names-english-japanese/	139	Omastar	オムスター	Omusutā	Kanto
https://nintendosoup.com/list-pokemon-names-english-japanese/	140	Kabuto	カブト	Kabuto	Kanto
https://nintendosoup.com/list-pokemon-names-english-japanese/	141	Kabutops	カブトプス	Kabutopusu	Kanto
https://nintendosoup.com/list-pokemon-names-english-japanese/	142	Aerodactyl	プテラ	Putera	Kanto
https://nintendosoup.com/list-pokemon-names-english-japanese/	143	Snorlax	カビゴン	Kabigon	Kanto
https://nintendosoup.com/list-pokemon-names-english-japanese/	144	Articuno	フリーザー	Furīzā	Kanto
https://nintendosoup.com/list-pokemon-names-english-japanese/	145	Zapdos	サンダー	Sandā	Kanto
https://nintendosoup.com/list-pokemon-names-english-japanese/	146	Moltres	ファイヤー	Faiyā	Kanto
https://nintendosoup.com/list-pokemon-names-english-japanese/	147	Dratini	ミニリュウ	Miniryū	Kanto
https://nintendosoup.com/list-pokemon-names-english-japanese/	148	Dragonair	ハクリュー	Hakuryū	Kanto
https://nintendosoup.com/list-pokemon-names-english-japanese/	149	Dragonite	カイリュー	Kairyū	Kanto
https://nintendosoup.com/list-pokemon-names-english-japanese/	150	Mewtwo	ミュウツー	Myūtsū	Kanto
https://nintendosoup.com/list-pokemon-names-english-japanese/	151	Mew	ミュウ	Myū	Kanto
https://nintendosoup.com/list-pokemon-names-english-japanese/	152	Chikorita	チコリータ	Chikorīta	Johto
https://nintendosoup.com/list-pokemon-names-english-japanese/	153	Bayleef	ベイリーフ	Beirīfu	Johto
https://nintendosoup.com/list-pokemon-names-english-japanese/	154	Meganium	メガニウム	Meganiumu	Johto
https://nintendosoup.com/list-pokemon-names-english-japanese/	155	Cyndaquil	ヒノアラシ	Hinoarashi	Johto
https://nintendosoup.com/list-pokemon-names-english-japanese/	156	Quilava	マグマラシ	Magumarashi	Johto
https://nintendosoup.com/list-pokemon-names-english-japanese/	157	Typhlosion	バクフーン	Bakufūn	Johto
https://nintendosoup.com/list-pokemon-names-english-japanese/	158	Totodile	ワニノコ	Waninoko	Johto
https://nintendosoup.com/list-pokemon-names-english-japanese/	159	Croconaw	アリゲイツ	Arigeitsu	Johto
https://nintendosoup.com/list-pokemon-names-english-japanese/	160	Feraligatr	オーダイル	Ōdairu	Johto
https://nintendosoup.com/list-pokemon-names-english-japanese/	161	Sentret	オタチ	Otachi	Johto
https://nintendosoup.com/list-pokemon-names-english-japanese/	162	Furret	オオタチ	Ōtachi	Johto
https://nintendosoup.com/list-pokemon-names-english-japanese/	163	Hoothoot	ホーホー	Hōhō	Johto
https://nintendosoup.com/list-pokemon-names-english-japanese/	164	Noctowl	ヨルノズク	Yorunozuku	Johto
https://nintendosoup.com/list-pokemon-names-english-japanese/	165	Ledyba	レディバ	Rediba	Johto
https://nintendosoup.com/list-pokemon-names-english-japanese/	166	Ledian	レディアン	Redian	Johto
https://nintendosoup.com/list-pokemon-names-english-japanese/	167	Spinarak	イトマル	Itomaru	Johto
https://nintendosoup.com/list-pokemon-names-english-japanese/	168	Ariados	アリアドス	Ariadosu	Johto
https://nintendosoup.com/list-pokemon-names-english-japanese/	169	Crobat	クロバット	Kurobatto	Johto
https://nintendosoup.com/list-pokemon-names-english-japanese/	170	Chinchou	チョンチー	Chonchī	Johto
https://nintendosoup.com/list-pokemon-names-english-japanese/	171	Lanturn	ランターン	Rantān	Johto
https://nintendosoup.com/list-pokemon-names-english-japanese/	172	Pichu	ピチュー	Pichū	Johto
https://nintendosoup.com/list-pokemon-names-english-japanese/	173	Cleffa	ピィ	Pī	Johto
https://nintendosoup.com/list-pokemon-names-english-japanese/	174	Igglybuff	ププリン	Pupurin	Johto
https://nintendosoup.com/list-pokemon-names-english-japanese/	175	Togepi	トゲピー	Togepī	Johto
https://nintendosoup.com/list-pokemon-names-english-japanese/	176	Togetic	トゲチック	Togechikku	Johto
https://nintendosoup.com/list-pokemon-names-english-japanese/	177	Natu	ネイティ	Neiti	Johto
https://nintendosoup.com/list-pokemon-names-english-japanese/	178	Xatu	ネイティオ	Neitio	Johto
https://nintendosoup.com/list-pokemon-names-english-japanese/	179	Mareep	メリープ	Merīpu	Johto
https://nintendosoup.com/list-pokemon-names-english-japanese/	180	Flaaffy	モココ	Mokoko	Johto
https://nintendosoup.com/list-pokemon-names-english-japanese/	181	Ampharos	デンリュウ	Denryū	Johto
https://nintendosoup.com/list-pokemon-names-english-japanese/	182	Bellossom	キレイハナ	Kireihana	Johto
https://nintendosoup.com/list-pokemon-names-english-japanese/	183	Marill	マリル	Mariru	Johto
https://nintendosoup.com/list-pokemon-names-english-japanese/	184	Azumarill	マリルリ	Mariruri	Johto
https://nintendosoup.com/list-pokemon-names-english-japanese/	185	Sudowoodo	ウソッキー	Usokkī	Johto
https://nintendosoup.com/list-pokemon-names-english-japanese/	186	Politoed	ニョロトノ	Nyorotono	Johto
https://nintendosoup.com/list-pokemon-names-english-japanese/	187	Hoppip	ハネッコ	Hanekko	Johto
https://nintendosoup.com/list-pokemon-names-english-japanese/	188	Skiploom	ポポッコ	Popokko	Johto
https://nintendosoup.com/list-pokemon-names-english-japanese/	189	Jumpluff	ワタッコ	Watakko	Johto
https://nintendosoup.com/list-pokemon-names-english-japanese/	190	Aipom	エイパム	Eipamu	Johto
https://nintendosoup.com/list-pokemon-names-english-japanese/	191	Sunkern	ヒマナッツ	Himanattsu	Johto
https://nintendosoup.com/list-pokemon-names-english-japanese/	192	Sunflora	キマワリ	Kimawari	Johto
https://nintendosoup.com/list-pokemon-names-english-japanese/	193	Yanma	ヤンヤンマ	Yan'yanma	Johto
https://nintendosoup.com/list-pokemon-names-english-japanese/	194	Wooper	ウパー	Upā	Johto
https://nintendosoup.com/list-pokemon-names-english-japanese/	195	Quagsire	ヌオー	Nuō	Johto
https://nintendosoup.com/list-pokemon-names-english-japanese/	196	Espeon	エーフィ	Ēfi	Johto
https://nintendosoup.com/list-pokemon-names-english-japanese/	197	Umbreon	ブラッキー	Burakkī	Johto
https://nintendosoup.com/list-pokemon-names-english-japanese/	198	Murkrow	ヤミカラス	Yamikarasu	Johto
https://nintendosoup.com/list-pokemon-names-english-japanese/	199	Slowking	ヤドキング	Yadokingu	Johto
https://nintendosoup.com/list-pokemon-names-english-japanese/	200	Misdreavus	ムウマ	Mūma	Johto
https://nintendosoup.com/list-pokemon-names-english-japanese/	201	Unown	アンノーン	Annōn	Johto
https://nintendosoup.com/list-pokemon-names-english-japanese/	202	Wobbuffet	ソーナンス	Sōnansu	Johto
https://nintendosoup.com/list-pokemon-names-english-japanese/	203	Girafarig	キリンリキ	Kirinriki	Johto
https://nintendosoup.com/list-pokemon-names-english-japanese/	204	Pineco	クヌギダマ	Kunugidama	Johto
https://nintendosoup.com/list-pokemon-names-english-japanese/	205	Forretress	フォレトス	Foretosu	Johto
https://nintendosoup.com/list-pokemon-names-english-japanese/	206	Dunsparce	ノコッチ	Nokotchi	Johto
https://nintendosoup.com/list-pokemon-names-english-japanese/	207	Gligar	グライガー	Guraigā	Johto
https://nintendosoup.com/list-pokemon-names-english-japanese/	208	Steelix	ハガネール	Haganēru	Johto
https://nintendosoup.com/list-pokemon-names-english-japanese/	209	Snubbull	ブルー	Burū	Johto
https://nintendosoup.com/list-pokemon-names-english-japanese/	210	Granbull	グランブル	Guranburu	Johto
https://nintendosoup.com/list-pokemon-names-english-japanese/	211	Qwilfish	ハリーセン	Harīsen	Johto
https://nintendosoup.com/list-pokemon-names-english-japanese/	212	Scizor	ハッサム	Hassamu	Johto
https://nintendosoup.com/list-pokemon-names-english-japanese/	213	Shuckle	ツボツボ	Tsubotsubo	Johto
https://nintendosoup.com/list-pokemon-names-english-japanese/	214	Heracross	ヘラクロス	Herakurosu	Johto
https://nintendosoup.com/list-pokemon-names-english-japanese/	215	Sneasel	ニューラ	Nyūra	Johto
https://nintendosoup.com/list-pokemon-names-english-japanese/	216	Teddiursa	ヒメグマ	Himeguma	Johto
https://nintendosoup.com/list-pokemon-names-english-japanese/	217	Ursaring	リングマ	Ringuma	Johto
https://nintendosoup.com/list-pokemon-names-english-japanese/	218	Slugma	マグマッグ	Magumaggu	Johto
https://nintendosoup.com/list-pokemon-names-english-japanese/	219	Magcargo	マグカルゴ	Magukarugo	Johto
https://nintendosoup.com/list-pokemon-names-english-japanese/	220	Swinub	ウリムー	Urimū	Johto
https://nintendosoup.com/list-pokemon-names-english-japanese/	221	Piloswine	イノムー	Inomū	Johto
https://nintendosoup.com/list-pokemon-names-english-japanese/	222	Corsola	サニーゴ	Sanīgo	Johto
https://nintendosoup.com/list-pokemon-names-english-japanese/	223	Remoraid	テッポウオ	Teppouo	Johto
https://nintendosoup.com/list-pokemon-names-english-japanese/	224	Octillery	オクタン	Okutan	Johto
https://nintendosoup.com/list-pokemon-names-english-japanese/	225	Delibird	デリバード	Deribādo	Johto
https://nintendosoup.com/list-pokemon-names-english-japanese/	226	Mantine	マンタイン	Mantain	Johto
https://nintendosoup.com/list-pokemon-names-english-japanese/	227	Skarmory	エアームド	Eāmudo	Johto
https://nintendosoup.com/list-pokemon-names-english-japanese/	228	Houndour	デルビル	Derubiru	Johto
https://nintendosoup.com/list-pokemon-names-english-japanese/	229	Houndoom	ヘルガー	Herugā	Johto
https://nintendosoup.com/list-pokemon-names-english-japanese/	230	Kingdra	キングドラ	Kingudora	Johto
https://nintendosoup.com/list-pokemon-names-english-japanese/	231	Phanpy	ゴマゾウ	Gomazō	Johto
https://nintendosoup.com/list-pokemon-names-english-japanese/	232	Donphan	ドンファン	Donfan	Johto
https://nintendosoup.com/list-pokemon-names-english-japanese/	233	Porygon2	ポリゴン２	Porigon Tsū	Johto
https://nintendosoup.com/list-pokemon-names-english-japanese/	234	Stantler	オドシシ	Odoshishi	Johto
https://nintendosoup.com/list-pokemon-names-english-japanese/	235	Smeargle	ドーブル	Dōburu	Johto
https://nintendosoup.com/list-pokemon-names-english-japanese/	236	Tyrogue	バルキー	Barukī	Johto
https://nintendosoup.com/list-pokemon-names-english-japanese/	237	Hitmontop	カポエラー	Kapoerā	Johto
https://nintendosoup.com/list-pokemon-names-english-japanese/	238	Smoochum	ムチュール	Muchūru	Johto
https://nintendosoup.com/list-pokemon-names-english-japanese/	239	Elekid	エレキッド	Erekiddo	Johto
https://nintendosoup.com/list-pokemon-names-english-japanese/	240	Magby	ブビィ	Bubī	Johto
https://nintendosoup.com/list-pokemon-names-english-japanese/	241	Miltank	ミルタンク	Mirutanku	Johto
https://nintendosoup.com/list-pokemon-names-english-japanese/	242	Blissey	ハピナス	Hapinasu	Johto
https://nintendosoup.com/list-pokemon-names-english-japanese/	243	Raikou	ライコウ	Raikō	Johto
https://nintendosoup.com/list-pokemon-names-english-japanese/	244	Entei	エンテイ	Entei	Johto
https://nintendosoup.com/list-pokemon-names-english-japanese/	245	Suicune	スイクン	Suikun	Johto
https://nintendosoup.com/list-pokemon-names-english-japanese/	246	Larvitar	ヨーギラス	Yōgirasu	Johto
https://nintendosoup.com/list-pokemon-names-english-japanese/	247	Pupitar	サナギラス	Sanagirasu	Johto
https://nintendosoup.com/list-pokemon-names-english-japanese/	248	Tyranitar	バンギラス	Bangirasu	Johto
https://nintendosoup.com/list-pokemon-names-english-japanese/	249	Lugia	ルギア	Rugia	Johto
https://nintendosoup.com/list-pokemon-names-english-japanese/	250	Ho-Oh	ホウオウ	Hōō	Johto
https://nintendosoup.com/list-pokemon-names-english-japanese/	251	Celebi	セレビィ	Serebī	Johto
https://nintendosoup.com/list-pokemon-names-english-japanese/	252	Treecko	キモリ	Kimori	Hoenn
https://nintendosoup.com/list-pokemon-names-english-japanese/	253	Grovyle	ジュプトル	Juputoru	Hoenn
https://nintendosoup.com/list-pokemon-names-english-japanese/	254	Sceptile	ジュカイン	Jukain	Hoenn
https://nintendosoup.com/list-pokemon-names-english-japanese/	255	Torchic	アチャモ	Achamo	Hoenn
https://nintendosoup.com/list-pokemon-names-english-japanese/	256	Combusken	ワカシャモ	Wakashamo	Hoenn
https://nintendosoup.com/list-pokemon-names-english-japanese/	257	Blaziken	バシャーモ	Bashāmo	Hoenn
https://nintendosoup.com/list-pokemon-names-english-japanese/	258	Mudkip	ミズゴロウ	Mizugorō	Hoenn
https://nintendosoup.com/list-pokemon-names-english-japanese/	259	Marshtomp	ヌマクロー	Numakurō	Hoenn
https://nintendosoup.com/list-pokemon-names-english-japanese/	260	Swampert	ラグラージ	Ragurāji	Hoenn
https://nintendosoup.com/list-pokemon-names-english-japanese/	261	Poochyena	ポチエナ	Pochiena	Hoenn
https://nintendosoup.com/list-pokemon-names-english-japanese/	262	Mightyena	グラエナ	Guraena	Hoenn
https://nintendosoup.com/list-pokemon-names-english-japanese/	263	Zigzagoon	ジグザグマ	Jiguzaguma	Hoenn
https://nintendosoup.com/list-pokemon-names-english-japanese/	264	Linoone	マッスグマ	Massuguma	Hoenn
https://nintendosoup.com/list-pokemon-names-english-japanese/	265	Wurmple	ケムッソ	Kemusso	Hoenn
https://nintendosoup.com/list-pokemon-names-english-japanese/	266	Silcoon	カラサリス	Karasarisu	Hoenn
https://nintendosoup.com/list-pokemon-names-english-japanese/	267	Beautifly	アゲハント	Agehanto	Hoenn
https://nintendosoup.com/list-pokemon-names-english-japanese/	268	Cascoon	マユルド	Mayurudo	Hoenn
https://nintendosoup.com/list-pokemon-names-english-japanese/	269	Dustox	ドクケイル	Dokukeiru	Hoenn
https://nintendosoup.com/list-pokemon-names-english-japanese/	270	Lotad	ハスボー	Hasubō	Hoenn
https://nintendosoup.com/list-pokemon-names-english-japanese/	271	Lombre	ハスブレロ	Hasuburero	Hoenn
https://nintendosoup.com/list-pokemon-names-english-japanese/	272	Ludicolo	ルンパッパ	Runpappa	Hoenn
https://nintendosoup.com/list-pokemon-names-english-japanese/	273	Seedot	タネボー	Tanebō	Hoenn
https://nintendosoup.com/list-pokemon-names-english-japanese/	274	Nuzleaf	コノハナ	Konohana	Hoenn
https://nintendosoup.com/list-pokemon-names-english-japanese/	275	Shiftry	ダーテング	Dātengu	Hoenn
https://nintendosoup.com/list-pokemon-names-english-japanese/	276	Taillow	スバメ	Subame	Hoenn
https://nintendosoup.com/list-pokemon-names-english-japanese/	277	Swellow	オオスバメ	Ōsubame	Hoenn
https://nintendosoup.com/list-pokemon-names-english-japanese/	278	Wingull	キャモメ	Kyamome	Hoenn
https://nintendosoup.com/list-pokemon-names-english-japanese/	279	Pelipper	ペリッパー	Perippā	Hoenn
https://nintendosoup.com/list-pokemon-names-english-japanese/	280	Ralts	ラルトス	Rarutosu	Hoenn
https://nintendosoup.com/list-pokemon-names-english-japanese/	281	Kirlia	キルリア	Kiruria	Hoenn
https://nintendosoup.com/list-pokemon-names-english-japanese/	282	Gardevoir	サーナイト	Sānaito	Hoenn
https://nintendosoup.com/list-pokemon-names-english-japanese/	283	Surskit	アメタマ	Ametama	Hoenn
https://nintendosoup.com/list-pokemon-names-english-japanese/	284	Masquerain	アメモース	Amemōsu	Hoenn
https://nintendosoup.com/list-pokemon-names-english-japanese/	285	Shroomish	キノココ	Kinokoko	Hoenn
https://nintendosoup.com/list-pokemon-names-english-japanese/	286	Breloom	キノガッサ	Kinogassa	Hoenn
https://nintendosoup.com/list-pokemon-names-english-japanese/	287	Slakoth	ナマケロ	Namakero	Hoenn
https://nintendosoup.com/list-pokemon-names-english-japanese/	288	Vigoroth	ヤルキモノ	Yarukimono	Hoenn
https://nintendosoup.com/list-pokemon-names-english-japanese/	289	Slaking	ケッキング	Kekkingu	Hoenn
https://nintendosoup.com/list-pokemon-names-english-japanese/	290	Nincada	ツチニン	Tsuchinin	Hoenn
https://nintendosoup.com/list-pokemon-names-english-japanese/	291	Ninjask	テッカニン	Tekkanin	Hoenn
https://nintendosoup.com/list-pokemon-names-english-japanese/	292	Shedinja	ヌケニン	Nukenin	Hoenn
https://nintendosoup.com/list-pokemon-names-english-japanese/	293	Whismur	ゴニョニョ	Gonyonyo	Hoenn
https://nintendosoup.com/list-pokemon-names-english-japanese/	294	Loudred	ドゴーム	Dogōmu	Hoenn
https://nintendosoup.com/list-pokemon-names-english-japanese/	295	Exploud	バクオング	Bakuongu	Hoenn
https://nintendosoup.com/list-pokemon-names-english-japanese/	296	Makuhita	マクノシタ	Makunoshita	Hoenn
https://nintendosoup.com/list-pokemon-names-english-japanese/	297	Hariyama	ハリテヤマ	Hariteyama	Hoenn
https://nintendosoup.com/list-pokemon-names-english-japanese/	298	Azurill	ルリリ	Ruriri	Hoenn
https://nintendosoup.com/list-pokemon-names-english-japanese/	299	Nosepass	ノズパス	Nozupasu	Hoenn
https://nintendosoup.com/list-pokemon-names-english-japanese/	300	Skitty	エネコ	Eneko	Hoenn
https://nintendosoup.com/list-pokemon-names-english-japanese/	301	Delcatty	エネコロロ	Enekororo	Hoenn
https://nintendosoup.com/list-pokemon-names-english-japanese/	302	Sableye	ヤミラミ	Yamirami	Hoenn
https://nintendosoup.com/list-pokemon-names-english-japanese/	303	Mawile	クチート	Kuchīto	Hoenn
https://nintendosoup.com/list-pokemon-names-english-japanese/	304	Aron	ココドラ	Kokodora	Hoenn
https://nintendosoup.com/list-pokemon-names-english-japanese/	305	Lairon	コドラ	Kodora	Hoenn
https://nintendosoup.com/list-pokemon-names-english-japanese/	306	Aggron	ボスゴドラ	Bosugodora	Hoenn
https://nintendosoup.com/list-pokemon-names-english-japanese/	307	Meditite	アサナン	Asanan	Hoenn
https://nintendosoup.com/list-pokemon-names-english-japanese/	308	Medicham	チャーレム	Chāremu	Hoenn
https://nintendosoup.com/list-pokemon-names-english-japanese/	309	Electrike	ラクライ	Rakurai	Hoenn
https://nintendosoup.com/list-pokemon-names-english-japanese/	310	Manectric	ライボルト	Raiboruto	Hoenn
https://nintendosoup.com/list-pokemon-names-english-japanese/	311	Plusle	プラスル	Purasuru	Hoenn
https://nintendosoup.com/list-pokemon-names-english-japanese/	312	Minun	マイナン	Mainan	Hoenn
https://nintendosoup.com/list-pokemon-names-english-japanese/	313	Volbeat	バルビート	Barubīto	Hoenn
https://nintendosoup.com/list-pokemon-names-english-japanese/	314	Illumise	イルミーゼ	Irumīze	Hoenn
https://nintendosoup.com/list-pokemon-names-english-japanese/	315	Roselia	ロゼリア	Rozeria	Hoenn
https://nintendosoup.com/list-pokemon-names-english-japanese/	316	Gulpin	ゴクリン	Gokurin	Hoenn
https://nintendosoup.com/list-pokemon-names-english-japanese/	317	Swalot	マルノーム	Marunōmu	Hoenn
https://nintendosoup.com/list-pokemon-names-english-japanese/	318	Carvanha	キバニア	Kibania	Hoenn
https://nintendosoup.com/list-pokemon-names-english-japanese/	319	Sharpedo	サメハダー	Samehadā	Hoenn
https://nintendosoup.com/list-pokemon-names-english-japanese/	320	Wailmer	ホエルコ	Hoeruko	Hoenn
https://nintendosoup.com/list-pokemon-names-english-japanese/	321	Wailord	ホエルオー	Hoeruō	Hoenn
https://nintendosoup.com/list-pokemon-names-english-japanese/	322	Numel	ドンメル	Donmeru	Hoenn
https://nintendosoup.com/list-pokemon-names-english-japanese/	323	Camerupt	バクーダ	Bakūda	Hoenn
https://nintendosoup.com/list-pokemon-names-english-japanese/	324	Torkoal	コータス	Kōtasu	Hoenn
https://nintendosoup.com/list-pokemon-names-english-japanese/	325	Spoink	バネブー	Banebū	Hoenn
https://nintendosoup.com/list-pokemon-names-english-japanese/	326	Grumpig	ブーピッグ	Būpiggu	Hoenn
https://nintendosoup.com/list-pokemon-names-english-japanese/	327	Spinda	パッチール	Patchīru	Hoenn
https://nintendosoup.com/list-pokemon-names-english-japanese/	328	Trapinch	ナックラー	Nakkurā	Hoenn
https://nintendosoup.com/list-pokemon-names-english-japanese/	329	Vibrava	ビブラーバ	Biburāba	Hoenn
https://nintendosoup.com/list-pokemon-names-english-japanese/	330	Flygon	フライゴン	Furaigon	Hoenn
https://nintendosoup.com/list-pokemon-names-english-japanese/	331	Cacnea	サボネア	Sabonea	Hoenn
https://nintendosoup.com/list-pokemon-names-english-japanese/	332	Cacturne	ノクタス	Nokutasu	Hoenn
https://nintendosoup.com/list-pokemon-names-english-japanese/	333	Swablu	チルット	Chirutto	Hoenn
https://nintendosoup.com/list-pokemon-names-english-japanese/	334	Altaria	チルタリス	Chirutarisu	Hoenn
https://nintendosoup.com/list-pokemon-names-english-japanese/	335	Zangoose	ザングース	Zangūsu	Hoenn
https://nintendosoup.com/list-pokemon-names-english-japanese/	336	Seviper	ハブネーク	Habunēku	Hoenn
https://nintendosoup.com/list-pokemon-names-english-japanese/	337	Lunatone	ルナトーン	Runatōn	Hoenn
https://nintendosoup.com/list-pokemon-names-english-japanese/	338	Solrock	ソルロック	Sorurokku	Hoenn
https://nintendosoup.com/list-pokemon-names-english-japanese/	339	Barboach	ドジョッチ	Dojotchi	Hoenn
https://nintendosoup.com/list-pokemon-names-english-japanese/	340	Whiscash	ナマズン	Namazun	Hoenn
https://nintendosoup.com/list-pokemon-names-english-japanese/	341	Corphish	ヘイガニ	Heigani	Hoenn
https://nintendosoup.com/list-pokemon-names-english-japanese/	342	Crawdaunt	シザリガー	Shizarigā	Hoenn
https://nintendosoup.com/list-pokemon-names-english-japanese/	343	Baltoy	ヤジロン	Yajiron	Hoenn
https://nintendosoup.com/list-pokemon-names-english-japanese/	344	Claydol	ネンドール	Nendōru	Hoenn
https://nintendosoup.com/list-pokemon-names-english-japanese/	345	Lileep	リリーラ	Rirīra	Hoenn
https://nintendosoup.com/list-pokemon-names-english-japanese/	346	Cradily	ユレイドル	Yureidoru	Hoenn
https://nintendosoup.com/list-pokemon-names-english-japanese/	347	Anorith	アノプス	Anopusu	Hoenn
https://nintendosoup.com/list-pokemon-names-english-japanese/	348	Armaldo	アーマルド	Āmarudo	Hoenn
https://nintendosoup.com/list-pokemon-names-english-japanese/	349	Feebas	ヒンバス	Hinbasu	Hoenn
https://nintendosoup.com/list-pokemon-names-english-japanese/	350	Milotic	ミロカロス	Mirokarosu	Hoenn
https://nintendosoup.com/list-pokemon-names-english-japanese/	351	Castform	ポワルン	Powarun	Hoenn
https://nintendosoup.com/list-pokemon-names-english-japanese/	352	Kecleon	カクレオン	Kakureon	Hoenn
https://nintendosoup.com/list-pokemon-names-english-japanese/	353	Shuppet	カゲボウズ	Kagebōzu	Hoenn
https://nintendosoup.com/list-pokemon-names-english-japanese/	354	Banette	ジュペッタ	Jupetta	Hoenn
https://nintendosoup.com/list-pokemon-names-english-japanese/	355	Duskull	ヨマワル	Yomawaru	Hoenn
https://nintendosoup.com/list-pokemon-names-english-japanese/	356	Dusclops	サマヨール	Samayōru	Hoenn
https://nintendosoup.com/list-pokemon-names-english-japanese/	357	Tropius	トロピウス	Toropiusu	Hoenn
https://nintendosoup.com/list-pokemon-names-english-japanese/	358	Chimecho	チリーン	Chirīn	Hoenn
https://nintendosoup.com/list-pokemon-names-english-japanese/	359	Absol	アブソル	Abusoru	Hoenn
https://nintendosoup.com/list-pokemon-names-english-japanese/	360	Wynaut	ソーナノ	Sōnano	Hoenn
https://nintendosoup.com/list-pokemon-names-english-japanese/	361	Snorunt	ユキワラシ	Yukiwarashi	Hoenn
https://nintendosoup.com/list-pokemon-names-english-japanese/	362	Glalie	オニゴーリ	Onigōri	Hoenn
https://nintendosoup.com/list-pokemon-names-english-japanese/	363	Spheal	タマザラシ	Tamazarashi	Hoenn
https://nintendosoup.com/list-pokemon-names-english-japanese/	364	Sealeo	トドグラー	Todogurā	Hoenn
https://nintendosoup.com/list-pokemon-names-english-japanese/	365	Walrein	トドゼルガ	Todozeruga	Hoenn
https://nintendosoup.com/list-pokemon-names-english-japanese/	366	Clamperl	パールル	Pāruru	Hoenn
https://nintendosoup.com/list-pokemon-names-english-japanese/	367	Huntail	ハンテール	Hantēru	Hoenn
https://nintendosoup.com/list-pokemon-names-english-japanese/	368	Gorebyss	サクラビス	Sakurabisu	Hoenn
https://nintendosoup.com/list-pokemon-names-english-japanese/	369	Relicanth	ジーランス	Jīransu	Hoenn
https://nintendosoup.com/list-pokemon-names-english-japanese/	370	Luvdisc	ラブカス	Rabukasu	Hoenn
https://nintendosoup.com/list-pokemon-names-english-japanese/	371	Bagon	タツベイ	Tatsubei	Hoenn
https://nintendosoup.com/list-pokemon-names-english-japanese/	372	Shelgon	コモルー	Komorū	Hoenn
https://nintendosoup.com/list-pokemon-names-english-japanese/	373	Salamence	ボーマンダ	Bōmanda	Hoenn
https://nintendosoup.com/list-pokemon-names-english-japanese/	374	Beldum	ダンバル	Danbaru	Hoenn
https://nintendosoup.com/list-pokemon-names-english-japanese/	375	Metang	メタング	Metangu	Hoenn
https://nintendosoup.com/list-pokemon-names-english-japanese/	376	Metagross	メタグロス	Metagurosu	Hoenn
https://nintendosoup.com/list-pokemon-names-english-japanese/	377	Regirock	レジロック	Rejirokku	Hoenn
https://nintendosoup.com/list-pokemon-names-english-japanese/	378	Regice	レジアイス	Rejiaisu	Hoenn
https://nintendosoup.com/list-pokemon-names-english-japanese/	379	Registeel	レジスチル	Rejisuchiru	Hoenn
https://nintendosoup.com/list-pokemon-names-english-japanese/	380	Latias	ラティアス	Ratiasu	Hoenn
https://nintendosoup.com/list-pokemon-names-english-japanese/	381	Latios	ラティオス	Ratiosu	Hoenn
https://nintendosoup.com/list-pokemon-names-english-japanese/	382	Kyogre	カイオーガ	Kaiōga	Hoenn
https://nintendosoup.com/list-pokemon-names-english-japanese/	383	Groudon	グラードン	Gurādon	Hoenn
https://nintendosoup.com/list-pokemon-names-english-japanese/	384	Rayquaza	レックウザ	Rekkūza	Hoenn
https://nintendosoup.com/list-pokemon-names-english-japanese/	385	Jirachi	ジラーチ	Jirāchi	Hoenn
https://nintendosoup.com/list-pokemon-names-english-japanese/	386	Deoxys	デオキシス	Deokishisu	Hoenn
https://nintendosoup.com/list-pokemon-names-english-japanese/	387	Turtwig	ナエトル	Naetoru	Sinnoh
https://nintendosoup.com/list-pokemon-names-english-japanese/	388	Grotle	ハヤシガメ	Hayashigame	Sinnoh
https://nintendosoup.com/list-pokemon-names-english-japanese/	389	Torterra	ドダイトス	Dodaitosu	Sinnoh
https://nintendosoup.com/list-pokemon-names-english-japanese/	390	Chimchar	ヒコザル	Hikozaru	Sinnoh
https://nintendosoup.com/list-pokemon-names-english-japanese/	391	Monferno	モウカザル	Mōkazaru	Sinnoh
https://nintendosoup.com/list-pokemon-names-english-japanese/	392	Infernape	ゴウカザル	Gōkazaru	Sinnoh
https://nintendosoup.com/list-pokemon-names-english-japanese/	393	Piplup	ポッチャマ	Potchama	Sinnoh
https://nintendosoup.com/list-pokemon-names-english-japanese/	394	Prinplup	ポッタイシ	Pottaishi	Sinnoh
https://nintendosoup.com/list-pokemon-names-english-japanese/	395	Empoleon	エンペルト	Enperuto	Sinnoh
https://nintendosoup.com/list-pokemon-names-english-japanese/	396	Starly	ムックル	Mukkuru	Sinnoh
https://nintendosoup.com/list-pokemon-names-english-japanese/	397	Staravia	ムクバード	Mukubādo	Sinnoh
https://nintendosoup.com/list-pokemon-names-english-japanese/	398	Staraptor	ムクホーク	Mukuhōku	Sinnoh
https://nintendosoup.com/list-pokemon-names-english-japanese/	399	Bidoof	ビッパ	Bippa	Sinnoh
https://nintendosoup.com/list-pokemon-names-english-japanese/	400	Bibarel	ビーダル	Bīdaru	Sinnoh
https://nintendosoup.com/list-pokemon-names-english-japanese/	401	Kricketot	コロボーシ	Korobōshi	Sinnoh
https://nintendosoup.com/list-pokemon-names-english-japanese/	402	Kricketune	コロトック	Korotokku	Sinnoh
https://nintendosoup.com/list-pokemon-names-english-japanese/	403	Shinx	コリンク	Korinku	Sinnoh
https://nintendosoup.com/list-pokemon-names-english-japanese/	404	Luxio	ルクシオ	Rukushio	Sinnoh
https://nintendosoup.com/list-pokemon-names-english-japanese/	405	Luxray	レントラー	Rentorā	Sinnoh
https://nintendosoup.com/list-pokemon-names-english-japanese/	406	Budew	スボミー	Subomī	Sinnoh
https://nintendosoup.com/list-pokemon-names-english-japanese/	407	Roserade	ロズレイド	Rozureido	Sinnoh
https://nintendosoup.com/list-pokemon-names-english-japanese/	408	Cranidos	ズガイドス	Zugaidosu	Sinnoh
https://nintendosoup.com/list-pokemon-names-english-japanese/	409	Rampardos	ラムパルド	Ramuparudo	Sinnoh
https://nintendosoup.com/list-pokemon-names-english-japanese/	410	Shieldon	タテトプス	Tatetopusu	Sinnoh
https://nintendosoup.com/list-pokemon-names-english-japanese/	411	Bastiodon	トリデプス	Toridepusu	Sinnoh
https://nintendosoup.com/list-pokemon-names-english-japanese/	412	Burmy	ミノムッチ	Minomutchi	Sinnoh
https://nintendosoup.com/list-pokemon-names-english-japanese/	413	Wormadam	ミノマダム	Minomadamu	Sinnoh
https://nintendosoup.com/list-pokemon-names-english-japanese/	414	Mothim	ガーメイル	Gāmeiru	Sinnoh
https://nintendosoup.com/list-pokemon-names-english-japanese/	415	Combee	ミツハニー	Mitsuhanī	Sinnoh
https://nintendosoup.com/list-pokemon-names-english-japanese/	416	Vespiquen	ビークイン	Bīkuin	Sinnoh
https://nintendosoup.com/list-pokemon-names-english-japanese/	417	Pachirisu	パチリス	Pachirisu	Sinnoh
https://nintendosoup.com/list-pokemon-names-english-japanese/	418	Buizel	ブイゼル	Buizeru	Sinnoh
https://nintendosoup.com/list-pokemon-names-english-japanese/	419	Floatzel	フローゼル	Furōzeru	Sinnoh
https://nintendosoup.com/list-pokemon-names-english-japanese/	420	Cherubi	チェリンボ	Cherinbo	Sinnoh
https://nintendosoup.com/list-pokemon-names-english-japanese/	421	Cherrim	チェリム	Cherimu	Sinnoh
https://nintendosoup.com/list-pokemon-names-english-japanese/	422	Shellos	カラナクシ	Karanakushi	Sinnoh
https://nintendosoup.com/list-pokemon-names-english-japanese/	423	Gastrodon	トリトドン	Toritodon	Sinnoh
https://nintendosoup.com/list-pokemon-names-english-japanese/	424	Ambipom	エテボース	Etebōsu	Sinnoh
https://nintendosoup.com/list-pokemon-names-english-japanese/	425	Drifloon	フワンテ	Fuwante	Sinnoh
https://nintendosoup.com/list-pokemon-names-english-japanese/	426	Drifblim	フワライド	Fuwaraido	Sinnoh
https://nintendosoup.com/list-pokemon-names-english-japanese/	427	Buneary	ミミロル	Mimiroru	Sinnoh
https://nintendosoup.com/list-pokemon-names-english-japanese/	428	Lopunny	ミミロップ	Mimiroppu	Sinnoh
https://nintendosoup.com/list-pokemon-names-english-japanese/	429	Mismagius	ムウマージ	Mūmāji	Sinnoh
https://nintendosoup.com/list-pokemon-names-english-japanese/	430	Honchkrow	ドンカラス	Donkarasu	Sinnoh
https://nintendosoup.com/list-pokemon-names-english-japanese/	431	Glameow	ニャルマー	Nyarumā	Sinnoh
https://nintendosoup.com/list-pokemon-names-english-japanese/	432	Purugly	ブニャット	Bunyatto	Sinnoh
https://nintendosoup.com/list-pokemon-names-english-japanese/	433	Chingling	リーシャン	Rīshan	Sinnoh
https://nintendosoup.com/list-pokemon-names-english-japanese/	434	Stunky	スカンプー	Sukanpū	Sinnoh
https://nintendosoup.com/list-pokemon-names-english-japanese/	435	Skuntank	スカタンク	Sukatanku	Sinnoh
https://nintendosoup.com/list-pokemon-names-english-japanese/	436	Bronzor	ドーミラー	Dōmirā	Sinnoh
https://nintendosoup.com/list-pokemon-names-english-japanese/	437	Bronzong	ドータクン	Dōtakun	Sinnoh
https://nintendosoup.com/list-pokemon-names-english-japanese/	438	Bonsly	ウソハチ	Usohachi	Sinnoh
https://nintendosoup.com/list-pokemon-names-english-japanese/	439	Mime Jr.	マネネ	Manene	Sinnoh
https://nintendosoup.com/list-pokemon-names-english-japanese/	440	Happiny	ピンプク	Pinpuku	Sinnoh
https://nintendosoup.com/list-pokemon-names-english-japanese/	441	Chatot	ペラップ	Perappu	Sinnoh
https://nintendosoup.com/list-pokemon-names-english-japanese/	442	Spiritomb	ミカルゲ	Mikaruge	Sinnoh
https://nintendosoup.com/list-pokemon-names-english-japanese/	443	Gible	フカマル	Fukamaru	Sinnoh
https://nintendosoup.com/list-pokemon-names-english-japanese/	444	Gabite	ガバイト	Gabaito	Sinnoh
https://nintendosoup.com/list-pokemon-names-english-japanese/	445	Garchomp	ガブリアス	Gaburiasu	Sinnoh
https://nintendosoup.com/list-pokemon-names-english-japanese/	446	Munchlax	ゴンベ	Gonbe	Sinnoh
https://nintendosoup.com/list-pokemon-names-english-japanese/	447	Riolu	リオル	Rioru	Sinnoh
https://nintendosoup.com/list-pokemon-names-english-japanese/	448	Lucario	ルカリオ	Rukario	Sinnoh
https://nintendosoup.com/list-pokemon-names-english-japanese/	449	Hippopotas	ヒポポタス	Hipopotasu	Sinnoh
https://nintendosoup.com/list-pokemon-names-english-japanese/	450	Hippowdon	カバルドン	Kabarudon	Sinnoh
https://nintendosoup.com/list-pokemon-names-english-japanese/	451	Skorupi	スコルピ	Sukorupi	Sinnoh
https://nintendosoup.com/list-pokemon-names-english-japanese/	452	Drapion	ドラピオン	Dorapion	Sinnoh
https://nintendosoup.com/list-pokemon-names-english-japanese/	453	Croagunk	グレッグル	Guregguru	Sinnoh
https://nintendosoup.com/list-pokemon-names-english-japanese/	454	Toxicroak	ドクロッグ	Dokuroggu	Sinnoh
https://nintendosoup.com/list-pokemon-names-english-japanese/	455	Carnivine	マスキッパ	Masukippa	Sinnoh
https://nintendosoup.com/list-pokemon-names-english-japanese/	456	Finneon	ケイコウオ	Keiko'uo	Sinnoh
https://nintendosoup.com/list-pokemon-names-english-japanese/	457	Lumineon	ネオラント	Neoranto	Sinnoh
https://nintendosoup.com/list-pokemon-names-english-japanese/	458	Mantyke	タマンタ	Tamanta	Sinnoh
https://nintendosoup.com/list-pokemon-names-english-japanese/	459	Snover	ユキカブリ	Yukikaburi	Sinnoh
https://nintendosoup.com/list-pokemon-names-english-japanese/	460	Abomasnow	ユキノオー	Yukinoō	Sinnoh
https://nintendosoup.com/list-pokemon-names-english-japanese/	461	Weavile	マニューラ	Manyūra	Sinnoh
https://nintendosoup.com/list-pokemon-names-english-japanese/	462	Magnezone	ジバコイル	Jibakoiru	Sinnoh
https://nintendosoup.com/list-pokemon-names-english-japanese/	463	Lickilicky	ベロベルト	Beroberuto	Sinnoh
https://nintendosoup.com/list-pokemon-names-english-japanese/	464	Rhyperior	ドサイドン	Dosaidon	Sinnoh
https://nintendosoup.com/list-pokemon-names-english-japanese/	465	Tangrowth	モジャンボ	Mojanbo	Sinnoh
https://nintendosoup.com/list-pokemon-names-english-japanese/	466	Electivire	エレキブル	Erekiburu	Sinnoh
https://nintendosoup.com/list-pokemon-names-english-japanese/	467	Magmortar	ブーバーン	Būbān	Sinnoh
https://nintendosoup.com/list-pokemon-names-english-japanese/	468	Togekiss	トゲキッス	Togekissu	Sinnoh
https://nintendosoup.com/list-pokemon-names-english-japanese/	469	Yanmega	メガヤンマ	Megayanma	Sinnoh
https://nintendosoup.com/list-pokemon-names-english-japanese/	470	Leafeon	リーフィア	Rīfia	Sinnoh
https://nintendosoup.com/list-pokemon-names-english-japanese/	471	Glaceon	グレイシア	Gureishia	Sinnoh
https://nintendosoup.com/list-pokemon-names-english-japanese/	472	Gliscor	グライオン	Guraion	Sinnoh
https://nintendosoup.com/list-pokemon-names-english-japanese/	473	Mamoswine	マンムー	Manmū	Sinnoh
https://nintendosoup.com/list-pokemon-names-english-japanese/	474	Porygon-Z	ポリゴンＺ	Porigon Zetto	Sinnoh
https://nintendosoup.com/list-pokemon-names-english-japanese/	475	Gallade	エルレイド	Erureido	Sinnoh
https://nintendosoup.com/list-pokemon-names-english-japanese/	476	Probopass	ダイノーズ	Dainōzu	Sinnoh
https://nintendosoup.com/list-pokemon-names-english-japanese/	477	Dusknoir	ヨノワール	Yonowāru	Sinnoh
https://nintendosoup.com/list-pokemon-names-english-japanese/	478	Froslass	ユキメノコ	Yukimenoko	Sinnoh
https://nintendosoup.com/list-pokemon-names-english-japanese/	479	Rotom	ロトム	Rotomu	Sinnoh
https://nintendosoup.com/list-pokemon-names-english-japanese/	480	Uxie	ユクシー	Yukushī	Sinnoh
https://nintendosoup.com/list-pokemon-names-english-japanese/	481	Mesprit	エムリット	Emuritto	Sinnoh
https://nintendosoup.com/list-pokemon-names-english-japanese/	482	Azelf	アグノム	Agunomu	Sinnoh
https://nintendosoup.com/list-pokemon-names-english-japanese/	483	Dialga	ディアルガ	Diaruga	Sinnoh
https://nintendosoup.com/list-pokemon-names-english-japanese/	484	Palkia	パルキア	Parukia	Sinnoh
https://nintendosoup.com/list-pokemon-names-english-japanese/	485	Heatran	ヒードラン	Hīdoran	Sinnoh
https://nintendosoup.com/list-pokemon-names-english-japanese/	486	Regigigas	レジギガス	Rejigigasu	Sinnoh
https://nintendosoup.com/list-pokemon-names-english-japanese/	487	Giratina	ギラティナ	Giratina	Sinnoh
https://nintendosoup.com/list-pokemon-names-english-japanese/	488	Cresselia	クレセリア	Kureseria	Sinnoh
https://nintendosoup.com/list-pokemon-names-english-japanese/	489	Phione	フィオネ	Fione	Sinnoh
https://nintendosoup.com/list-pokemon-names-english-japanese/	490	Manaphy	マナフィ	Manafi	Sinnoh
https://nintendosoup.com/list-pokemon-names-english-japanese/	491	Darkrai	ダークライ	Dākurai	Sinnoh
https://nintendosoup.com/list-pokemon-names-english-japanese/	492	Shaymin	シェイミ	Sheimi	Sinnoh
https://nintendosoup.com/list-pokemon-names-english-japanese/	493	Arceus	アルセウス	Aruseusu	Sinnoh
https://nintendosoup.com/list-pokemon-names-english-japanese/	494	Victini	ビクティニ	Bikutini	Unova
https://nintendosoup.com/list-pokemon-names-english-japanese/	495	Snivy	ツタージャ	Tsutāja	Unova
https://nintendosoup.com/list-pokemon-names-english-japanese/	496	Servine	ジャノビー	Janobī	Unova
https://nintendosoup.com/list-pokemon-names-english-japanese/	497	Serperior	ジャローダ	Jarōda	Unova
https://nintendosoup.com/list-pokemon-names-english-japanese/	498	Tepig	ポカブ	Pokabu	Unova
https://nintendosoup.com/list-pokemon-names-english-japanese/	499	Pignite	チャオブー	Chaobū	Unova
https://nintendosoup.com/list-pokemon-names-english-japanese/	500	Emboar	エンブオー	Enbuō	Unova
https://nintendosoup.com/list-pokemon-names-english-japanese/	501	Oshawott	ミジュマル	Mijumaru	Unova
https://nintendosoup.com/list-pokemon-names-english-japanese/	502	Dewott	フタチマル	Futachimaru	Unova
https://nintendosoup.com/list-pokemon-names-english-japanese/	503	Samurott	ダイケンキ	Daikenki	Unova
https://nintendosoup.com/list-pokemon-names-english-japanese/	504	Patrat	ミネズミ	Minezumi	Unova
https://nintendosoup.com/list-pokemon-names-english-japanese/	505	Watchog	ミルホッグ	Miruhoggu	Unova
https://nintendosoup.com/list-pokemon-names-english-japanese/	506	Lillipup	ヨーテリー	Yōterī	Unova
https://nintendosoup.com/list-pokemon-names-english-japanese/	507	Herdier	ハーデリア	Hāderia	Unova
https://nintendosoup.com/list-pokemon-names-english-japanese/	508	Stoutland	ムーランド	Mūrando	Unova
https://nintendosoup.com/list-pokemon-names-english-japanese/	509	Purrloin	チョロネコ	Choroneko	Unova
https://nintendosoup.com/list-pokemon-names-english-japanese/	510	Liepard	レパルダス	Reparudasu	Unova
https://nintendosoup.com/list-pokemon-names-english-japanese/	511	Pansage	ヤナップ	Yanappu	Unova
https://nintendosoup.com/list-pokemon-names-english-japanese/	512	Simisage	ヤナッキー	Yanakkī	Unova
https://nintendosoup.com/list-pokemon-names-english-japanese/	513	Pansear	バオップ	Baoppu	Unova
https://nintendosoup.com/list-pokemon-names-english-japanese/	514	Simisear	バオッキー	Baokkī	Unova
https://nintendosoup.com/list-pokemon-names-english-japanese/	515	Panpour	ヒヤップ	Hiyappu	Unova
https://nintendosoup.com/list-pokemon-names-english-japanese/	516	Simipour	ヒヤッキー	Hiyakkī	Unova
https://nintendosoup.com/list-pokemon-names-english-japanese/	517	Munna	ムンナ	Munna	Unova
https://nintendosoup.com/list-pokemon-names-english-japanese/	518	Musharna	ムシャーナ	Mushāna	Unova
https://nintendosoup.com/list-pokemon-names-english-japanese/	519	Pidove	マメパト	Mamepato	Unova
https://nintendosoup.com/list-pokemon-names-english-japanese/	520	Tranquill	ハトーボー	Hatōbō	Unova
https://nintendosoup.com/list-pokemon-names-english-japanese/	521	Unfezant	ケンホロウ	Kenhorō	Unova
https://nintendosoup.com/list-pokemon-names-english-japanese/	522	Blitzle	シママ	Shimama	Unova
https://nintendosoup.com/list-pokemon-names-english-japanese/	523	Zebstrika	ゼブライカ	Zeburaika	Unova
https://nintendosoup.com/list-pokemon-names-english-japanese/	524	Roggenrola	ダンゴロ	Dangoro	Unova
https://nintendosoup.com/list-pokemon-names-english-japanese/	525	Boldore	ガントル	Gantoru	Unova
https://nintendosoup.com/list-pokemon-names-english-japanese/	526	Gigalith	ギガイアス	Gigaiasu	Unova
https://nintendosoup.com/list-pokemon-names-english-japanese/	527	Woobat	コロモリ	Koromori	Unova
https://nintendosoup.com/list-pokemon-names-english-japanese/	528	Swoobat	ココロモリ	Kokoromori	Unova
https://nintendosoup.com/list-pokemon-names-english-japanese/	529	Drilbur	モグリュー	Moguryū	Unova
https://nintendosoup.com/list-pokemon-names-english-japanese/	530	Excadrill	ドリュウズ	Doryūzu	Unova
https://nintendosoup.com/list-pokemon-names-english-japanese/	531	Audino	タブンネ	Tabunne	Unova
https://nintendosoup.com/list-pokemon-names-english-japanese/	532	Timburr	ドッコラー	Dokkorā	Unova
https://nintendosoup.com/list-pokemon-names-english-japanese/	533	Gurdurr	ドテッコツ	Dotekkotsu	Unova
https://nintendosoup.com/list-pokemon-names-english-japanese/	534	Conkeldurr	ローブシン	Rōbushin	Unova
https://nintendosoup.com/list-pokemon-names-english-japanese/	535	Tympole	オタマロ	Otamaro	Unova
https://nintendosoup.com/list-pokemon-names-english-japanese/	536	Palpitoad	ガマガル	Gamagaru	Unova
https://nintendosoup.com/list-pokemon-names-english-japanese/	537	Seismitoad	ガマゲロゲ	Gamageroge	Unova
https://nintendosoup.com/list-pokemon-names-english-japanese/	538	Throh	ナゲキ	Nageki	Unova
https://nintendosoup.com/list-pokemon-names-english-japanese/	539	Sawk	ダゲキ	Dageki	Unova
https://nintendosoup.com/list-pokemon-names-english-japanese/	540	Sewaddle	クルミル	Kurumiru	Unova
https://nintendosoup.com/list-pokemon-names-english-japanese/	541	Swadloon	クルマユ	Kurumayu	Unova
https://nintendosoup.com/list-pokemon-names-english-japanese/	542	Leavanny	ハハコモリ	Hahakomori	Unova
https://nintendosoup.com/list-pokemon-names-english-japanese/	543	Venipede	フシデ	Fushide	Unova
https://nintendosoup.com/list-pokemon-names-english-japanese/	544	Whirlipede	ホイーガ	Hoīga	Unova
https://nintendosoup.com/list-pokemon-names-english-japanese/	545	Scolipede	ペンドラー	Pendorā	Unova
https://nintendosoup.com/list-pokemon-names-english-japanese/	546	Cottonee	モンメン	Monmen	Unova
https://nintendosoup.com/list-pokemon-names-english-japanese/	547	Whimsicott	エルフーン	Erufūn	Unova
https://nintendosoup.com/list-pokemon-names-english-japanese/	548	Petilil	チュリネ	Churine	Unova
https://nintendosoup.com/list-pokemon-names-english-japanese/	549	Lilligant	ドレディア	Doredia	Unova
https://nintendosoup.com/list-pokemon-names-english-japanese/	550	Basculin	バスラオ	Basurao	Unova
https://nintendosoup.com/list-pokemon-names-english-japanese/	551	Sandile	メグロコ	Meguroko	Unova
https://nintendosoup.com/list-pokemon-names-english-japanese/	552	Krokorok	ワルビル	Warubiru	Unova
https://nintendosoup.com/list-pokemon-names-english-japanese/	553	Krookodile	ワルビアル	Warubiaru	Unova
https://nintendosoup.com/list-pokemon-names-english-japanese/	554	Darumaka	ダルマッカ	Darumakka	Unova
https://nintendosoup.com/list-pokemon-names-english-japanese/	555	Darmanitan	ヒヒダルマ	Hihidaruma	Unova
https://nintendosoup.com/list-pokemon-names-english-japanese/	556	Maractus	マラカッチ	Marakatchi	Unova
https://nintendosoup.com/list-pokemon-names-english-japanese/	557	Dwebble	イシズマイ	Ishizumai	Unova
https://nintendosoup.com/list-pokemon-names-english-japanese/	558	Crustle	イワパレス	Iwaparesu	Unova
https://nintendosoup.com/list-pokemon-names-english-japanese/	559	Scraggy	ズルッグ	Zuruggu	Unova
https://nintendosoup.com/list-pokemon-names-english-japanese/	560	Scrafty	ズルズキン	Zuruzukin	Unova
https://nintendosoup.com/list-pokemon-names-english-japanese/	561	Sigilyph	シンボラー	Shinborā	Unova
https://nintendosoup.com/list-pokemon-names-english-japanese/	562	Yamask	デスマス	Desumasu	Unova
https://nintendosoup.com/list-pokemon-names-english-japanese/	563	Cofagrigus	デスカーン	Desukān	Unova
https://nintendosoup.com/list-pokemon-names-english-japanese/	564	Tirtouga	プロトーガ	Purotōga	Unova
https://nintendosoup.com/list-pokemon-names-english-japanese/	565	Carracosta	アバゴーラ	Abagōra	Unova
https://nintendosoup.com/list-pokemon-names-english-japanese/	566	Archen	アーケン	Āken	Unova
https://nintendosoup.com/list-pokemon-names-english-japanese/	567	Archeops	アーケオス	Ākeosu	Unova
https://nintendosoup.com/list-pokemon-names-english-japanese/	568	Trubbish	ヤブクロン	Yabukuron	Unova
https://nintendosoup.com/list-pokemon-names-english-japanese/	569	Garbodor	ダストダス	Dasutodasu	Unova
https://nintendosoup.com/list-pokemon-names-english-japanese/	570	Zorua	ゾロア	Zoroa	Unova
https://nintendosoup.com/list-pokemon-names-english-japanese/	571	Zoroark	ゾロアーク	Zoroāku	Unova
https://nintendosoup.com/list-pokemon-names-english-japanese/	572	Minccino	チラーミィ	Chirāmī	Unova
https://nintendosoup.com/list-pokemon-names-english-japanese/	573	Cinccino	チラチーノ	Chirachīno	Unova
https://nintendosoup.com/list-pokemon-names-english-japanese/	574	Gothita	ゴチム	Gochimu	Unova
https://nintendosoup.com/list-pokemon-names-english-japanese/	575	Gothorita	ゴチミル	Gochimiru	Unova
https://nintendosoup.com/list-pokemon-names-english-japanese/	576	Gothitelle	ゴチルゼル	Gochiruzeru	Unova
https://nintendosoup.com/list-pokemon-names-english-japanese/	577	Solosis	ユニラン	Yuniran	Unova
https://nintendosoup.com/list-pokemon-names-english-japanese/	578	Duosion	ダブラン	Daburan	Unova
https://nintendosoup.com/list-pokemon-names-english-japanese/	579	Reuniclus	ランクルス	Rankurusu	Unova
https://nintendosoup.com/list-pokemon-names-english-japanese/	580	Ducklett	コアルヒー	Koaruhī	Unova
https://nintendosoup.com/list-pokemon-names-english-japanese/	581	Swanna	スワンナ	Suwanna	Unova
https://nintendosoup.com/list-pokemon-names-english-japanese/	582	Vanillite	バニプッチ	Baniputchi	Unova
https://nintendosoup.com/list-pokemon-names-english-japanese/	583	Vanillish	バニリッチ	Baniritchi	Unova
https://nintendosoup.com/list-pokemon-names-english-japanese/	584	Vanilluxe	バイバニラ	Baibanira	Unova
https://nintendosoup.com/list-pokemon-names-english-japanese/	585	Deerling	シキジカ	Shikijika	Unova
https://nintendosoup.com/list-pokemon-names-english-japanese/	586	Sawsbuck	メブキジカ	Mebukijika	Unova
https://nintendosoup.com/list-pokemon-names-english-japanese/	587	Emolga	エモンガ	Emonga	Unova
https://nintendosoup.com/list-pokemon-names-english-japanese/	588	Karrablast	カブルモ	Kaburumo	Unova
https://nintendosoup.com/list-pokemon-names-english-japanese/	589	Escavalier	シュバルゴ	Shubarugo	Unova
https://nintendosoup.com/list-pokemon-names-english-japanese/	590	Foongus	タマゲタケ	Tamagetake	Unova
https://nintendosoup.com/list-pokemon-names-english-japanese/	591	Amoonguss	モロバレル	Morobareru	Unova
https://nintendosoup.com/list-pokemon-names-english-japanese/	592	Frillish	プルリル	Pururiru	Unova
https://nintendosoup.com/list-pokemon-names-english-japanese/	593	Jellicent	ブルンゲル	Burungeru	Unova
https://nintendosoup.com/list-pokemon-names-english-japanese/	594	Alomomola	ママンボウ	Mamanbō	Unova
https://nintendosoup.com/list-pokemon-names-english-japanese/	595	Joltik	バチュル	Bachuru	Unova
https://nintendosoup.com/list-pokemon-names-english-japanese/	596	Galvantula	デンチュラ	Denchura	Unova
https://nintendosoup.com/list-pokemon-names-english-japanese/	597	Ferroseed	テッシード	Tesshīdo	Unova
https://nintendosoup.com/list-pokemon-names-english-japanese/	598	Ferrothorn	ナットレイ	Nattorei	Unova
https://nintendosoup.com/list-pokemon-names-english-japanese/	599	Klink	ギアル	Giaru	Unova
https://nintendosoup.com/list-pokemon-names-english-japanese/	600	Klang	ギギアル	Gigiaru	Unova
https://nintendosoup.com/list-pokemon-names-english-japanese/	601	Klinklang	ギギギアル	Gigigiaru	Unova
https://nintendosoup.com/list-pokemon-names-english-japanese/	602	Tynamo	シビシラス	Shibishirasu	Unova
https://nintendosoup.com/list-pokemon-names-english-japanese/	603	Eelektrik	シビビール	Shibibīru	Unova
https://nintendosoup.com/list-pokemon-names-english-japanese/	604	Eelektross	シビルドン	Shibirudon	Unova
https://nintendosoup.com/list-pokemon-names-english-japanese/	605	Elgyem	リグレー	Rigurē	Unova
https://nintendosoup.com/list-pokemon-names-english-japanese/	606	Beheeyem	オーベム	Ōbemu	Unova
https://nintendosoup.com/list-pokemon-names-english-japanese/	607	Litwick	ヒトモシ	Hitomoshi	Unova
https://nintendosoup.com/list-pokemon-names-english-japanese/	608	Lampent	ランプラー	Ranpurā	Unova
https://nintendosoup.com/list-pokemon-names-english-japanese/	609	Chandelure	シャンデラ	Shandera	Unova
https://nintendosoup.com/list-pokemon-names-english-japanese/	610	Axew	キバゴ	Kibago	Unova
https://nintendosoup.com/list-pokemon-names-english-japanese/	611	Fraxure	オノンド	Onondo	Unova
https://nintendosoup.com/list-pokemon-names-english-japanese/	612	Haxorus	オノノクス	Ononokusu	Unova
https://nintendosoup.com/list-pokemon-names-english-japanese/	613	Cubchoo	クマシュン	Kumashun	Unova
https://nintendosoup.com/list-pokemon-names-english-japanese/	614	Beartic	ツンベアー	Tsunbeā	Unova
https://nintendosoup.com/list-pokemon-names-english-japanese/	615	Cryogonal	フリージオ	Furījio	Unova
https://nintendosoup.com/list-pokemon-names-english-japanese/	616	Shelmet	チョボマキ	Chobomaki	Unova
https://nintendosoup.com/list-pokemon-names-english-japanese/	617	Accelgor	アギルダー	Agirudā	Unova
https://nintendosoup.com/list-pokemon-names-english-japanese/	618	Stunfisk	マッギョ	Maggyo	Unova
https://nintendosoup.com/list-pokemon-names-english-japanese/	619	Mienfoo	コジョフー	Kojofū	Unova
https://nintendosoup.com/list-pokemon-names-english-japanese/	620	Mienshao	コジョンド	Kojondo	Unova
https://nintendosoup.com/list-pokemon-names-english-japanese/	621	Druddigon	クリムガン	Kurimugan	Unova
https://nintendosoup.com/list-pokemon-names-english-japanese/	622	Golett	ゴビット	Gobitto	Unova
https://nintendosoup.com/list-pokemon-names-english-japanese/	623	Golurk	ゴルーグ	Gorūgu	Unova
https://nintendosoup.com/list-pokemon-names-english-japanese/	624	Pawniard	コマタナ	Komatana	Unova
https://nintendosoup.com/list-pokemon-names-english-japanese/	625	Bisharp	キリキザン	Kirikizan	Unova
https://nintendosoup.com/list-pokemon-names-english-japanese/	626	Bouffalant	バッフロン	Baffuron	Unova
https://nintendosoup.com/list-pokemon-names-english-japanese/	627	Rufflet	ワシボン	Washibon	Unova
https://nintendosoup.com/list-pokemon-names-english-japanese/	628	Braviary	ウォーグル	Wōguru	Unova
https://nintendosoup.com/list-pokemon-names-english-japanese/	629	Vullaby	バルチャイ	Baruchai	Unova
https://nintendosoup.com/list-pokemon-names-english-japanese/	630	Mandibuzz	バルジーナ	Barujīna	Unova
https://nintendosoup.com/list-pokemon-names-english-japanese/	631	Heatmor	クイタラン	Kuitaran	Unova
https://nintendosoup.com/list-pokemon-names-english-japanese/	632	Durant	アイアント	Aianto	Unova
https://nintendosoup.com/list-pokemon-names-english-japanese/	633	Deino	モノズ	Monozu	Unova
https://nintendosoup.com/list-pokemon-names-english-japanese/	634	Zweilous	ジヘッド	Jiheddo	Unova
https://nintendosoup.com/list-pokemon-names-english-japanese/	635	Hydreigon	サザンドラ	Sazandora	Unova
https://nintendosoup.com/list-pokemon-names-english-japanese/	636	Larvesta	メラルバ	Meraruba	Unova
https://nintendosoup.com/list-pokemon-names-english-japanese/	637	Volcarona	ウルガモス	Urugamosu	Unova
https://nintendosoup.com/list-pokemon-names-english-japanese/	638	Cobalion	コバルオン	Kobaruon	Unova
https://nintendosoup.com/list-pokemon-names-english-japanese/	639	Terrakion	テラキオン	Terakion	Unova
https://nintendosoup.com/list-pokemon-names-english-japanese/	640	Virizion	ビリジオン	Birijion	Unova
https://nintendosoup.com/list-pokemon-names-english-japanese/	641	Tornadus	トルネロス	Torunerosu	Unova
https://nintendosoup.com/list-pokemon-names-english-japanese/	642	Thundurus	ボルトロス	Borutorosu	Unova
https://nintendosoup.com/list-pokemon-names-english-japanese/	643	Reshiram	レシラム	Reshiramu	Unova
https://nintendosoup.com/list-pokemon-names-english-japanese/	644	Zekrom	ゼクロム	Zekuromu	Unova
https://nintendosoup.com/list-pokemon-names-english-japanese/	645	Landorus	ランドロス	Randorosu	Unova
https://nintendosoup.com/list-pokemon-names-english-japanese/	646	Kyurem	キュレム	Kyuremu	Unova
https://nintendosoup.com/list-pokemon-names-english-japanese/	647	Keldeo	ケルディオ	Kerudio	Unova
https://nintendosoup.com/list-pokemon-names-english-japanese/	648	Meloetta	メロエッタ	Meroetta	Unova
https://nintendosoup.com/list-pokemon-names-english-japanese/	649	Genesect	ゲノセクト	Genosekuto	Unova
https://nintendosoup.com/list-pokemon-names-english-japanese/	650	Chespin	ハリマロン	Harimaron	Kalos
https://nintendosoup.com/list-pokemon-names-english-japanese/	651	Quilladin	ハリボーグ	Haribōgu	Kalos
https://nintendosoup.com/list-pokemon-names-english-japanese/	652	Chesnaught	ブリガロン	Burigaron	Kalos
https://nintendosoup.com/list-pokemon-names-english-japanese/	653	Fennekin	フォッコ	Fokko	Kalos
https://nintendosoup.com/list-pokemon-names-english-japanese/	654	Braixen	テールナー	Tērunā	Kalos
https://nintendosoup.com/list-pokemon-names-english-japanese/	655	Delphox	マフォクシー	Mafokushī	Kalos
https://nintendosoup.com/list-pokemon-names-english-japanese/	656	Froakie	ケロマツ	Keromatsu	Kalos
https://nintendosoup.com/list-pokemon-names-english-japanese/	657	Frogadier	ゲコガシラ	Gekogashira	Kalos
https://nintendosoup.com/list-pokemon-names-english-japanese/	658	Greninja	ゲッコウガ	Gekkōga	Kalos
https://nintendosoup.com/list-pokemon-names-english-japanese/	659	Bunnelby	ホルビー	Horubī	Kalos
https://nintendosoup.com/list-pokemon-names-english-japanese/	660	Diggersby	ホルード	Horūdo	Kalos
https://nintendosoup.com/list-pokemon-names-english-japanese/	661	Fletchling	ヤヤコマ	Yayakoma	Kalos
https://nintendosoup.com/list-pokemon-names-english-japanese/	662	Fletchinder	ヒノヤコマ	Hinoyakoma	Kalos
https://nintendosoup.com/list-pokemon-names-english-japanese/	663	Talonflame	ファイアロー	Faiarō	Kalos
https://nintendosoup.com/list-pokemon-names-english-japanese/	664	Scatterbug	コフキムシ	Kofukimushi	Kalos
https://nintendosoup.com/list-pokemon-names-english-japanese/	665	Spewpa	コフーライ	Kofūrai	Kalos
https://nintendosoup.com/list-pokemon-names-english-japanese/	666	Vivillon	ビビヨン	Bibiyon	Kalos
https://nintendosoup.com/list-pokemon-names-english-japanese/	667	Litleo	シシコ	Shishiko	Kalos
https://nintendosoup.com/list-pokemon-names-english-japanese/	668	Pyroar	カエンジシ	Kaenjishi	Kalos
https://nintendosoup.com/list-pokemon-names-english-japanese/	669	Flabébé	フラベベ	Furabebe	Kalos
https://nintendosoup.com/list-pokemon-names-english-japanese/	670	Floette	フラエッテ	Furaette	Kalos
https://nintendosoup.com/list-pokemon-names-english-japanese/	671	Florges	フラージェス	Furājesu	Kalos
https://nintendosoup.com/list-pokemon-names-english-japanese/	672	Skiddo	メェークル	Mēkuru	Kalos
https://nintendosoup.com/list-pokemon-names-english-japanese/	673	Gogoat	ゴーゴート	Gōgōto	Kalos
https://nintendosoup.com/list-pokemon-names-english-japanese/	674	Pancham	ヤンチャム	Yanchamu	Kalos
https://nintendosoup.com/list-pokemon-names-english-japanese/	675	Pangoro	ゴロンダ	Goronda	Kalos
https://nintendosoup.com/list-pokemon-names-english-japanese/	676	Furfrou	トリミアン	Torimian	Kalos
https://nintendosoup.com/list-pokemon-names-english-japanese/	677	Espurr	ニャスパー	Nyasupā	Kalos
https://nintendosoup.com/list-pokemon-names-english-japanese/	678	Meowstic	ニャオニクス	Nyaonikusu	Kalos
https://nintendosoup.com/list-pokemon-names-english-japanese/	679	Honedge	ヒトツキ	Hitotsuki	Kalos
https://nintendosoup.com/list-pokemon-names-english-japanese/	680	Doublade	ニダンギル	Nidangiru	Kalos
https://nintendosoup.com/list-pokemon-names-english-japanese/	681	Aegislash	ギルガルド	Girugarudo	Kalos
https://nintendosoup.com/list-pokemon-names-english-japanese/	682	Spritzee	シュシュプ	Shushupu	Kalos
https://nintendosoup.com/list-pokemon-names-english-japanese/	683	Aromatisse	フレフワン	Furefuwan	Kalos
https://nintendosoup.com/list-pokemon-names-english-japanese/	684	Swirlix	ペロッパフ	Peroppafu	Kalos
https://nintendosoup.com/list-pokemon-names-english-japanese/	685	Slurpuff	ペロリーム	Perorīmu	Kalos
https://nintendosoup.com/list-pokemon-names-english-japanese/	686	Inkay	マーイーカ	Māīka	Kalos
https://nintendosoup.com/list-pokemon-names-english-japanese/	687	Malamar	カラマネロ	Karamanero	Kalos
https://nintendosoup.com/list-pokemon-names-english-japanese/	688	Binacle	カメテテ	Kametete	Kalos
https://nintendosoup.com/list-pokemon-names-english-japanese/	689	Barbaracle	ガメノデス	Gamenodesu	Kalos
https://nintendosoup.com/list-pokemon-names-english-japanese/	690	Skrelp	クズモー	Kuzumō	Kalos
https://nintendosoup.com/list-pokemon-names-english-japanese/	691	Dragalge	ドラミドロ	Doramidoro	Kalos
https://nintendosoup.com/list-pokemon-names-english-japanese/	692	Clauncher	ウデッポウ	Udeppō	Kalos
https://nintendosoup.com/list-pokemon-names-english-japanese/	693	Clawitzer	ブロスター	Burosutā	Kalos
https://nintendosoup.com/list-pokemon-names-english-japanese/	694	Helioptile	エリキテル	Erikiteru	Kalos
https://nintendosoup.com/list-pokemon-names-english-japanese/	695	Heliolisk	エレザード	Erezādo	Kalos
https://nintendosoup.com/list-pokemon-names-english-japanese/	696	Tyrunt	チゴラス	Chigorasu	Kalos
https://nintendosoup.com/list-pokemon-names-english-japanese/	697	Tyrantrum	ガチゴラス	Gachigorasu	Kalos
https://nintendosoup.com/list-pokemon-names-english-japanese/	698	Amaura	アマルス	Amarusu	Kalos
https://nintendosoup.com/list-pokemon-names-english-japanese/	699	Aurorus	アマルルガ	Amaruruga	Kalos
https://nintendosoup.com/list-pokemon-names-english-japanese/	700	Sylveon	ニンフィア	Ninfia	Kalos
https://nintendosoup.com/list-pokemon-names-english-japanese/	701	Hawlucha	ルチャブル	Ruchaburu	Kalos
https://nintendosoup.com/list-pokemon-names-english-japanese/	702	Dedenne	デデンネ	Dedenne	Kalos
https://nintendosoup.com/list-pokemon-names-english-japanese/	703	Carbink	メレシー	Mereshī	Kalos
https://nintendosoup.com/list-pokemon-names-english-japanese/	704	Goomy	ヌメラ	Numera	Kalos
https://nintendosoup.com/list-pokemon-names-english-japanese/	705	Sliggoo	ヌメイル	Numeiru	Kalos
https://nintendosoup.com/list-pokemon-names-english-japanese/	706	Goodra	ヌメルゴン	Numerugon	Kalos
https://nintendosoup.com/list-pokemon-names-english-japanese/	707	Klefki	クレッフィ	Kureffi	Kalos
https://nintendosoup.com/list-pokemon-names-english-japanese/	708	Phantump	ボクレー	Bokurē	Kalos
https://nintendosoup.com/list-pokemon-names-english-japanese/	709	Trevenant	オーロット	Ōrotto	Kalos
https://nintendosoup.com/list-pokemon-names-english-japanese/	710	Pumpkaboo	バケッチャ	Baketcha	Kalos
https://nintendosoup.com/list-pokemon-names-english-japanese/	711	Gourgeist	パンプジン	Panpujin	Kalos
https://nintendosoup.com/list-pokemon-names-english-japanese/	712	Bergmite	カチコール	Kachikōru	Kalos
https://nintendosoup.com/list-pokemon-names-english-japanese/	713	Avalugg	クレベース	Kurebēsu	Kalos
https://nintendosoup.com/list-pokemon-names-english-japanese/	714	Noibat	オンバット	Onbatto	Kalos
https://nintendosoup.com/list-pokemon-names-english-japanese/	715	Noivern	オンバーン	Onbān	Kalos
https://nintendosoup.com/list-pokemon-names-english-japanese/	716	Xerneas	ゼルネアス	Zeruneasu	Kalos
https://nintendosoup.com/list-pokemon-names-english-japanese/	717	Yveltal	イベルタル	Iberutaru	Kalos
https://nintendosoup.com/list-pokemon-names-english-japanese/	718	Zygarde	ジガルデ	Jigarude	Kalos
https://nintendosoup.com/list-pokemon-names-english-japanese/	719	Diancie	ディアンシー	Dianshī	Kalos
https://nintendosoup.com/list-pokemon-names-english-japanese/	720	Hoopa	フーパ	Fūpa	Kalos
https://nintendosoup.com/list-pokemon-names-english-japanese/	721	Volcanion	ボルケニオン	Borukenion	Kalos
https://nintendosoup.com/list-pokemon-names-english-japanese/	722	Rowlet	モクロー	Mokurō	Alola
https://nintendosoup.com/list-pokemon-names-english-japanese/	723	Dartrix	フクスロー	Fukusurō	Alola
https://nintendosoup.com/list-pokemon-names-english-japanese/	724	Decidueye	ジュナイパー	Junaipā	Alola
https://nintendosoup.com/list-pokemon-names-english-japanese/	725	Litten	ニャビー	Nyabī	Alola
https://nintendosoup.com/list-pokemon-names-english-japanese/	726	Torracat	ニャヒート	Nyahīto	Alola
https://nintendosoup.com/list-pokemon-names-english-japanese/	727	Incineroar	ガオガエン	Gaogaen	Alola
https://nintendosoup.com/list-pokemon-names-english-japanese/	728	Popplio	アシマリ	Ashimari	Alola
https://nintendosoup.com/list-pokemon-names-english-japanese/	729	Brionne	オシャマリ	Oshamari	Alola
https://nintendosoup.com/list-pokemon-names-english-japanese/	730	Primarina	アシレーヌ	Ashirēnu	Alola
https://nintendosoup.com/list-pokemon-names-english-japanese/	731	Pikipek	ツツケラ	Tsutsukera	Alola
https://nintendosoup.com/list-pokemon-names-english-japanese/	732	Trumbeak	ケララッパ	Kerarappa	Alola
https://nintendosoup.com/list-pokemon-names-english-japanese/	733	Toucannon	ドデカバシ	Dodekabashi	Alola
https://nintendosoup.com/list-pokemon-names-english-japanese/	734	Yungoos	ヤングース	Yangūsu	Alola
https://nintendosoup.com/list-pokemon-names-english-japanese/	735	Gumshoos	デカグース	Dekagūsu	Alola
https://nintendosoup.com/list-pokemon-names-english-japanese/	736	Grubbin	アゴジムシ	Agojimushi	Alola
https://nintendosoup.com/list-pokemon-names-english-japanese/	737	Charjabug	デンヂムシ	Denjimushi	Alola
https://nintendosoup.com/list-pokemon-names-english-japanese/	738	Vikavolt	クワガノン	Kuwaganon	Alola
https://nintendosoup.com/list-pokemon-names-english-japanese/	739	Crabrawler	マケンカニ	Makenkani	Alola
https://nintendosoup.com/list-pokemon-names-english-japanese/	740	Crabominable	ケケンカニ	Kekenkani	Alola
https://nintendosoup.com/list-pokemon-names-english-japanese/	741	Oricorio	オドリドリ	Odoridori	Alola
https://nintendosoup.com/list-pokemon-names-english-japanese/	742	Cutiefly	アブリー	Aburī	Alola
https://nintendosoup.com/list-pokemon-names-english-japanese/	743	Ribombee	アブリボン	Aburibon	Alola
https://nintendosoup.com/list-pokemon-names-english-japanese/	744	Rockruff	イワンコ	Iwanko	Alola
https://nintendosoup.com/list-pokemon-names-english-japanese/	745	Lycanroc	ルガルガン	Rugarugan	Alola
https://nintendosoup.com/list-pokemon-names-english-japanese/	746	Wishiwashi	ヨワシ	Yowashi	Alola
https://nintendosoup.com/list-pokemon-names-english-japanese/	747	Mareanie	ヒドイデ	Hidoide	Alola
https://nintendosoup.com/list-pokemon-names-english-japanese/	748	Toxapex	ドヒドイデ	Dohidoide	Alola
https://nintendosoup.com/list-pokemon-names-english-japanese/	749	Mudbray	ドロバンコ	Dorobanko	Alola
https://nintendosoup.com/list-pokemon-names-english-japanese/	750	Mudsdale	バンバドロ	Banbadoro	Alola
https://nintendosoup.com/list-pokemon-names-english-japanese/	751	Dewpider	シズクモ	Shizukumo	Alola
https://nintendosoup.com/list-pokemon-names-english-japanese/	752	Araquanid	オニシズクモ	Onishizukumo	Alola
https://nintendosoup.com/list-pokemon-names-english-japanese/	753	Fomantis	カリキリ	Karikiri	Alola
https://nintendosoup.com/list-pokemon-names-english-japanese/	754	Lurantis	ラランテス	Rarantesu	Alola
https://nintendosoup.com/list-pokemon-names-english-japanese/	755	Morelull	ネマシュ	Nemashu	Alola
https://nintendosoup.com/list-pokemon-names-english-japanese/	756	Shiinotic	マシェード	Mashēdo	Alola
https://nintendosoup.com/list-pokemon-names-english-japanese/	757	Salandit	ヤトウモリ	Yatōmori	Alola
https://nintendosoup.com/list-pokemon-names-english-japanese/	758	Salazzle	エンニュート	Ennyūto	Alola
https://nintendosoup.com/list-pokemon-names-english-japanese/	759	Stufful	ヌイコグマ	Nuikoguma	Alola
https://nintendosoup.com/list-pokemon-names-english-japanese/	760	Bewear	キテルグマ	Kiteruguma	Alola
https://nintendosoup.com/list-pokemon-names-english-japanese/	761	Bounsweet	アマカジ	Amakaji	Alola
https://nintendosoup.com/list-pokemon-names-english-japanese/	762	Steenee	アママイコ	Amamaiko	Alola
https://nintendosoup.com/list-pokemon-names-english-japanese/	763	Tsareena	アマージョ	Amājo	Alola
https://nintendosoup.com/list-pokemon-names-english-japanese/	764	Comfey	キュワワー	Kyuwawā	Alola
https://nintendosoup.com/list-pokemon-names-english-japanese/	765	Oranguru	ヤレユータン	Yareyūtan	Alola
https://nintendosoup.com/list-pokemon-names-english-japanese/	766	Passimian	ナゲツケサル	Nagetsukesaru	Alola
https://nintendosoup.com/list-pokemon-names-english-japanese/	767	Wimpod	コソクムシ	Kosokumushi	Alola
https://nintendosoup.com/list-pokemon-names-english-japanese/	768	Golisopod	グソクムシャ	Gusokumusha	Alola
https://nintendosoup.com/list-pokemon-names-english-japanese/	769	Sandygast	スナバァ	Sunabā	Alola
https://nintendosoup.com/list-pokemon-names-english-japanese/	770	Palossand	シロデスナ	Shirodesuna	Alola
https://nintendosoup.com/list-pokemon-names-english-japanese/	771	Pyukumuku	ナマコブシ	Namakobushi	Alola
https://nintendosoup.com/list-pokemon-names-english-japanese/	772	Type: Null	タイプ：ヌル	Taipu:Nuru	Alola
https://nintendosoup.com/list-pokemon-names-english-japanese/	773	Silvally	シルヴァディ	Shiruvadi	Alola
https://nintendosoup.com/list-pokemon-names-english-japanese/	774	Minior	メテノ	Meteno	Alola
https://nintendosoup.com/list-pokemon-names-english-japanese/	775	Komala	ネッコアラ	Nekkoara	Alola
https://nintendosoup.com/list-pokemon-names-english-japanese/	776	Turtonator	バクガメス	Bakugamesu	Alola
https://nintendosoup.com/list-pokemon-names-english-japanese/	777	Togedemaru	トゲデマル	Togedemaru	Alola
https://nintendosoup.com/list-pokemon-names-english-japanese/	778	Mimikyu	ミミッキュ	Mimikkyu	Alola
https://nintendosoup.com/list-pokemon-names-english-japanese/	779	Bruxish	ハギギシリ	Hagigishiri	Alola
https://nintendosoup.com/list-pokemon-names-english-japanese/	780	Drampa	ジジーロン	Jijīron	Alola
https://nintendosoup.com/list-pokemon-names-english-japanese/	781	Dhelmise	ダダリン	Dadarin	Alola
https://nintendosoup.com/list-pokemon-names-english-japanese/	782	Jangmo-o	ジャラコ	Jarako	Alola
https://nintendosoup.com/list-pokemon-names-english-japanese/	783	Hakamo-o	ジャランゴ	Jarango	Alola
https://nintendosoup.com/list-pokemon-names-english-japanese/	784	Kommo-o	ジャラランガ	Jararanga	Alola
https://nintendosoup.com/list-pokemon-names-english-japanese/	785	Tapu Koko	カプ・コケコ	Kapu Kokeko	Alola
https://nintendosoup.com/list-pokemon-names-english-japanese/	786	Tapu Lele	カプ・テテフ	Kapu Tetefu	Alola
https://nintendosoup.com/list-pokemon-names-english-japanese/	787	Tapu Bulu	カプ・ブルル	Kapu Bururu	Alola
https://nintendosoup.com/list-pokemon-names-english-japanese/	788	Tapu Fini	カプ・レヒレ	Kapu Rehire	Alola
https://nintendosoup.com/list-pokemon-names-english-japanese/	789	Cosmog	コスモッグ	Kosumoggu	Alola
https://nintendosoup.com/list-pokemon-names-english-japanese/	790	Cosmoem	コスモウム	Kosumoumu	Alola
https://nintendosoup.com/list-pokemon-names-english-japanese/	791	Solgaleo	ソルガレオ	Sorugareo	Alola
https://nintendosoup.com/list-pokemon-names-english-japanese/	792	Lunala	ルナアーラ	Runaāra	Alola
https://nintendosoup.com/list-pokemon-names-english-japanese/	793	Nihilego	ウツロイド	Utsuroido	Alola
https://nintendosoup.com/list-pokemon-names-english-japanese/	794	Buzzwole	マッシブーン	Masshibūn	Alola
https://nintendosoup.com/list-pokemon-names-english-japanese/	795	Pheromosa	フェローチェ	Ferōche	Alola
https://nintendosoup.com/list-pokemon-names-english-japanese/	796	Xurkitree	デンジュモク	Denjumoku	Alola
https://nintendosoup.com/list-pokemon-names-english-japanese/	797	Celesteela	テッカグヤ	Tekkaguya	Alola
https://nintendosoup.com/list-pokemon-names-english-japanese/	798	Kartana	カミツルギ	Kamitsurugi	Alola
https://nintendosoup.com/list-pokemon-names-english-japanese/	799	Guzzlord	アクジキング	Akujikingu	Alola
https://nintendosoup.com/list-pokemon-names-english-japanese/	800	Necrozma	ネクロズマ	Nekurozuma	Alola
https://nintendosoup.com/list-pokemon-names-english-japanese/	801	Magearna	マギアナ	Magiana	Alola
https://nintendosoup.com/list-pokemon-names-english-japanese/	802	Marshadow	マーシャドー	Māshadō	Alola
